,account_created_at,account_lang,country_code,created_at,favourites_count,followers_count,friends_count,is_quote,is_retweet,label,lang,place_full_name,place_type,reply_to_screen_name,reply_to_status_id,reply_to_user_id,retweet_count,screen_name,source,status_id,text,user_id,verified
0,2015-10-16T16:13:41Z,,,2020-03-23T12:58:51Z,39306.0,326.0,476.0,0.0,0.0,0.0,en,,,,,,0.0,iampriths,Twitter for Android,1.2420733224534794e+18,"People who blamed 2019 now missing it and regretting their decision.

#coronavirus #ChineseVirusCorona 
#ChinaLiedAndPeopleDied",3915452174.0,0.0
1,2009-05-30T16:21:31Z,,,2020-03-23T01:51:56Z,3570.0,312.0,186.0,0.0,0.0,0.0,en,,,,,,0.0,ShonaReidPhoto,Twitter for iPhone,1.2419054874754335e+18,I‚Äôve watched so many law and medical dramas that I‚Äôm pretty sure I‚Äôm a law major with a medical minor. #covid19,43550708.0,0.0
2,2013-04-25T08:03:34Z,,IN,2020-03-23T21:39:59Z,33446.0,107.0,187.0,0.0,0.0,0.0,en,"Mundra, India",city,,,,0.0,RajgorDevang,Twitter for Android,1.242204472341721e+18,"I used to stay inside my home everyday and never felt bored or anxious but I don't know why I want to go outside when it's officially lockdownü§¶üèΩ‚Äç‚ôÇÔ∏è
Seriously NO ONE can understand this human brain.
#coronavirus",1378940288.0,0.0
3,2020-02-16T19:32:27Z,,,2020-03-23T20:59:50Z,214.0,75.0,220.0,0.0,0.0,2.0,en,,,,,,0.0,PR_Lindelani,Twitter for iPhone,1.242194366837461e+18,We all have a responsibility that we met fulfill in the next few months. I urge everyone to follow through with the measures set in place by our government #COVID„Éº19 #StayAtHomeSaveLives #coronavirus,1.2291262884908442e+18,0.0
4,2018-05-14T17:23:50Z,,,2020-03-23T23:26:21Z,2137.0,49.0,148.0,0.0,0.0,0.0,en,,,,,,0.0,xchloeperrettx,Twitter for iPhone,1.2422312369591132e+18,Swear down if I‚Äôm not tik tok famous by the end of #coronavirus I will be PISSED,9.960786453609759e+17,0.0
5,2009-10-19T22:29:28Z,,,2020-03-23T02:46:14Z,46940.0,502.0,369.0,0.0,0.0,0.0,en,,,,,,0.0,NewNewsey,Twitter for Android,1.2419191519853036e+18,So apparently rapists get prioritised for the #coronavirus test now #HarveyWeinstein,83705507.0,0.0
6,2019-04-09T20:58:33Z,,,2020-03-23T14:17:10Z,6511.0,93.0,299.0,0.0,0.0,0.0,en,,,,,,0.0,_TheBeautyBruja,Twitter for iPhone,1.2420930307079905e+18,I wanna make a Rona playlist...full of bangers that remind us to keep on living....suggestions?...and don‚Äôt say Imagine... I rebuke it #coronavirus,1.115720678638932e+18,0.0
7,2009-02-14T12:48:42Z,,,2020-03-23T21:21:04Z,2957.0,193.0,220.0,0.0,0.0,0.0,en,,,,,,1.0,gercelt,Twitter for Android,1.2421997085142958e+18,"Do not open any emails with subject line ""Ding Dong""...
It's the Jehovah's Witnesses working from home üòÇ
Seriously my parents WhatsApp groups are keeping me sane with their jokes #coronavirus #humour #oftendesperateneverserious #ireland",20845133.0,0.0
8,2019-10-25T21:36:33Z,,,2020-03-23T20:44:18Z,677.0,242.0,211.0,0.0,0.0,2.0,en,,,,,,1.0,doctormaxine,Twitter for iPhone,1.242190456433152e+18,My pre-shift download yesterday. Preparing wills and decontamination routines. We need worker protections for healthcare professionals as well as all front-line workers who will keep us all safe during this outbreak. #StayHome #COVID19 #GetMePPE,1.1878453854499512e+18,0.0
9,2011-08-03T07:44:48Z,,,2020-03-23T11:05:37Z,251.0,87.0,224.0,0.0,0.0,0.0,en,,,,,,0.0,vishalgthakkar,Twitter for Android,1.242044828818391e+18,"#BREAKING: Spain has registered 462 new #CoronaVirus deaths overnight which takes the overall death toll in the country to 2,182. The number of total positive #COVID2019 cases registered in Spain rose to 33,089 up from 28,572 cases.",347725902.0,0.0
10,2018-08-15T12:33:29Z,,,2020-03-23T18:48:51Z,1551.0,41.0,167.0,0.0,0.0,2.0,en,,,,,,0.0,drsobrowski,Twitter for iPhone,1.2421614054843023e+18,The response to COVID-19 has only showed me that the US and UK safe like the two kids in the class always getting in trouble and getting detention because they don‚Äôt listen #medtwitter #COVID19,1.0297076517547418e+18,0.0
11,2019-05-08T02:30:34Z,,,2020-03-23T20:31:36Z,94.0,16.0,166.0,0.0,0.0,0.0,en,,,,,,0.0,ramblingjules,Twitter for iPhone,1.2421872622820393e+18,"Feels like I‚Äôm back in college, wearing all oversized sweats passing by people in pj pants living off turkey sandwiches cereal and Oreos. How are you quarantining? #covid #coronavirus #SocialDistancing",1.1259510946712535e+18,0.0
12,2016-06-10T16:06:38Z,,,2020-03-23T12:12:20Z,40.0,10462.0,235.0,0.0,0.0,0.0,en,,,,,,0.0,MasterofSinUK,Twitter for Android,1.2420616162686935e+18,"Why don't any apocalypse stories ever feature the closure of McDonald's as a storyline? Officially, it is the end of the world judging by the queue for this branch. No ice creams and no Big Macs. Give me a break! #coronavirus",7.413005492288553e+17,0.0
13,2012-07-20T02:10:10Z,,,2020-03-23T05:59:40Z,688.0,278.0,119.0,0.0,0.0,0.0,en,,,,,,1.0,waqarhrizvi,Twitter for Android,1.2419678315934843e+18,"It is perfectly fine to be both critical of the Iranian govt &amp; yet call for sanctions on Iranians to be lifted, at this time. Mismanagement on Iran's part? Probably! But what point, apart from continuing enmity, do you wish to make by continuing sanctions?
#COVID19 #Iran #ŸÉÿ±ŸàŸÜÿß",706218596.0,0.0
14,2017-05-15T03:57:53Z,,,2020-03-23T18:07:21Z,9.0,31.0,494.0,0.0,0.0,0.0,en,,,,,,1.0,Pmandawk,Twitter for iPhone,1.242150961801552e+18,"#Coronavirus what a world. If this is how they have chosen to end it, say it before hand. Simple. I have an article dating far back in the 80‚Äôs where corona virus was mentioned as a planned biological weapon.",8.639666393431941e+17,0.0
15,2012-08-12T19:21:15Z,,,2020-03-23T05:12:46Z,237.0,23.0,197.0,0.0,0.0,0.0,en,,,jorawarsuppal,1.2418148344898803e+18,753636444.0,0.0,jorawarsuppal,Twitter for Android,1.2419560293252915e+18,"As #CoronavirusPandemic is impacting a lots of #Businesses even I've turned of several #Google #Facebook #Ad #Campaigns of my clients. 
So, it's better we don't spend much on #Advertising unless you actually getting #Conversations. 

#coronavirus #Digital #Marketing #PPC",753636444.0,0.0
16,2011-06-06T18:26:34Z,,,2020-03-23T21:48:35Z,100.0,134.0,179.0,0.0,0.0,0.0,en,,,,,,0.0,LouisTrupia,Twitter for iPhone,1.242206634199462e+18,I think three weeks stuck inside will either cure or make worse my Facebook marketplace addiction #coronavirus,312184788.0,0.0
17,2013-07-07T16:00:15Z,,,2020-03-23T17:04:02Z,3911.0,310.0,267.0,0.0,0.0,0.0,en,,,,,,0.0,TheVaL_M,Twitter for Android,1.2421350275316244e+18,"How foolish is it for a big5 IT organization who gives Cloud solutions to it's customers asking it's employees to go office and carry their Desktop from office to home for #WFH option during lockdown in #Section144 &amp; #CoronavirusPandemic #COVIDIOTS 
God bless us üôè",1575498811.0,0.0
18,2013-01-26T05:08:45Z,,,2020-03-23T14:10:34Z,53.0,14.0,138.0,0.0,0.0,0.0,en,,,,,,0.0,bruhitzsam88,Twitter for iPhone,1.242091372737413e+18,You mean to tell me I stopped smoking #weed so I could work a job that #coronavirus is gonna take from me anyway. Shoulda listened to #natedogg and smoked weed everyday.,1121006444.0,0.0
19,2009-05-12T08:09:49Z,,,2020-03-23T07:07:10Z,3458.0,122.0,275.0,0.0,0.0,2.0,en,,,,,,0.0,girosky,Twitter for Android,1.2419848203574968e+18,My motto for 2020 absolutely do nothing but stay home. #lockdown #COVID19 #StayHome,39458646.0,0.0
20,2014-10-01T13:47:01Z,,,2020-03-23T23:03:23Z,5763.0,19.0,127.0,0.0,0.0,0.0,en,,,,,,1.0,cwcw891_chris,Twitter for Android,1.2422254602197074e+18,"WTF is Trump saying????

#coronavirus 
#COVID„Éº19 
#Trump 
#TrumpPandemic 
#Trumpdemic",2797980369.0,0.0
21,2011-09-10T12:42:01Z,,,2020-03-23T05:47:18Z,1508.0,165.0,190.0,0.0,0.0,0.0,en,,,,,,0.0,sanjayargupta,Twitter for Android,1.24196471980143e+18,"Connect the people's with social networking, and maintain the social distance. It's only the way to eradicate #Corona . 
‡§ú‡§Ø ‡§π‡§ø‡§®‡•ç‡§¶ üáÆüá≥
#‡§ï‡•ã‡§∞‡•ã‡§®‡§æ_‡§Æ‡§π‡§æ‡§Æ‡§æ‡§∞‡•Ä #coronavirus #COVID„Éº19 #SocialDistancing",371222639.0,0.0
22,2009-06-15T12:49:14Z,,,2020-03-23T07:05:04Z,2988.0,106.0,165.0,0.0,0.0,0.0,en,,,,,,5.0,ecoli6766,Twitter for iPhone,1.241984289278849e+18,The world‚Äôs most dangerous viruse is Islam #KhameneiVirus #COVID19 #COVID„Éº19 #coronavirus,47325932.0,0.0
23,2014-08-03T03:29:54Z,,,2020-03-23T18:17:17Z,185692.0,9018.0,292.0,0.0,0.0,0.0,en,,,,,,6.0,Denlesks,Twitter for iPhone,1.2421534592409764e+18,#COVID19 Lesson Number 25: If your favorite singer isn‚Äôt posting videos of themself singing acoustically from home it‚Äôs probably a good indication they‚Äôve been relying on auto-tune more than you thought,2703181339.0,0.0
24,2019-09-22T06:45:56Z,,,2020-03-23T17:18:40Z,7412.0,55.0,257.0,0.0,0.0,0.0,en,,,,,,0.0,SumerDaryapurk1,Twitter for Android,1.2421387088303022e+18,"For First Time in 77 Years, Andaman and Nicobar Islands Cut-Off From The World Over Coronavirus Fears

#coronavirus #LockdownNow #CoronavirusOutbreak",1.175662391154991e+18,0.0
25,2018-05-18T16:33:56Z,,,2020-03-23T10:31:19Z,375.0,26.0,136.0,0.0,0.0,0.0,en,,,,,,0.0,atteleth_don,Twitter for Android,1.2420361945709814e+18,"Due to the #MovementControlOrder, I predict a significant increase in birth rate on December 2020 and January 2021 üòè 

#Malaysialockdown #COVID„Éº19 #COVID19 #coronavirus #Malaysia",9.975156425331712e+17,0.0
26,2020-01-06T05:01:24Z,,,2020-03-23T22:55:35Z,3291.0,34.0,218.0,0.0,0.0,0.0,en,,,,,,0.0,GlobalMadinah,Twitter for iPhone,1.2422234940809994e+18,Trump now comparing Automobile accidents to the #COVID19 what‚Äôs. Disgrace!,1.2140492694573793e+18,0.0
27,2016-11-20T03:09:04Z,,,2020-03-23T12:36:19Z,43933.0,1011.0,308.0,0.0,0.0,0.0,en,,,,,,0.0,loneaamir786,Twitter for Android,1.242067652589187e+18,"#Coronavirus: Govt decides to seal #Jammu And #Kashmir UT borders with Punjab, Himachal, Ladakh.#Covid_19",8.001740911603261e+17,0.0
28,2020-02-15T19:06:16Z,,,2020-03-23T09:19:16Z,161.0,73.0,186.0,0.0,0.0,2.0,en,,,,,,0.0,J_brammers,Twitter for iPhone,1.2420180613744148e+18,Just arrived at Gatwick from Sri Lanka (essentially a third world country) their measures against #coronavirus are infinitely better than ours on the basis ours don‚Äôt exist. Tells you all you need to know about Gov attitude to this. UK need to wake up fast!!,1.22875737922483e+18,0.0
29,2016-12-07T17:01:59Z,,,2020-03-23T15:37:52Z,141.0,320.0,351.0,0.0,0.0,2.0,en,,,,,,0.0,norwixng,Twitter for Android,1.2421133410169364e+18,"By all means stay safe. Let's stop the spread of the #Coronavirus. It'll take individual effort to fight this and yes, we will win this fight together.",8.065442935108035e+17,0.0
30,2016-10-19T13:56:27Z,,,2020-03-23T17:19:37Z,5.0,18.0,104.0,0.0,0.0,2.0,en,,,,,,0.0,Swetal_G,Twitter for Android,1.2421389466345677e+18,"Expectation: Help 3 and they'll help other 3
Today's Fact: By staying home you can help many. Spread happiness not virus. #covid19 #stayhome #gocorona",7.887405982241628e+17,0.0
31,2009-01-10T20:30:55Z,,,2020-03-23T23:35:04Z,4015.0,344.0,315.0,0.0,0.0,0.0,en,,,,,,0.0,gcw09,Twitter for Android,1.242233433792942e+18,"Going to be on Twitter naughty step very soon, see you in a couple of days.
#lockdown #COVID19 #Spain #YoMeQuedoEnCasa",18845447.0,0.0
32,2018-08-30T02:29:39Z,,,2020-03-23T01:50:57Z,1028.0,195.0,284.0,0.0,0.0,0.0,en,,,,,,0.0,Soft7Parm,Twitter for iPhone,1.2419052421885133e+18,The Freshman 15 is real but I‚Äôm soon realizing that the Covid-15 is too #coronavirus #COVID19 #COVIDIOT #Covid_19 #StayHome,1.0349915090645688e+18,0.0
33,2013-01-01T21:49:38Z,,,2020-03-23T17:29:29Z,10366.0,1247.0,100.0,0.0,0.0,2.0,en,,,,,,0.0,jxdeshxrman001,Twitter for iPhone,1.2421414313740083e+18,The quicker this lockdown happens the quicker all this will be over #LockdownNow #COVID19 #BorisJohnson,1053544314.0,0.0
34,2011-02-17T03:30:35Z,,,2020-03-23T22:30:12Z,251.0,241.0,245.0,0.0,0.0,0.0,en,,,,,,0.0,RihamAbusenna,Twitter for iPhone,1.2422171092051927e+18,"Did you start thinking that you might be actually dreaming, like this corona pandemic isn‚Äôt real and soon you‚Äôll wake up like none of this had happened,

or is it only me?

#coronavirus
#Ÿäÿ≠ÿØÿ´_ÿßŸÑÿ¢ŸÜ 
#GodIsGreat",253377581.0,0.0
35,2009-04-17T20:15:36Z,,,2020-03-23T18:28:43Z,4504.0,678.0,285.0,0.0,0.0,2.0,en,,,,,,0.0,TjAmarante,Twitter for iPhone,1.2421563357575455e+18,"Never heard so many ambulance sirens in my life. Literaly every 15 minutes. 

My city is hurting. 
Please stay home. üò¢

#SantaClara #California
#coronavirus",32553544.0,0.0
36,2018-08-24T21:58:31Z,,,2020-03-23T19:45:47Z,462.0,481.0,474.0,0.0,0.0,2.0,en,,,,,,0.0,Meemaymo,Twitter for iPhone,1.2421757313099694e+18,everyone has been telling me to wash my hands all the time and i washes them so much i now have rashes and it hurts so much ü§¶‚Äç‚ôÄÔ∏è #StayAtHomeSaveLives #COVID19,1.0331113339805286e+18,0.0
37,2013-09-20T13:24:25Z,,US,2020-03-23T11:36:35Z,5944.0,769.0,241.0,0.0,0.0,0.0,en,"Huntsville, AL",city,,,,0.0,carolremarks,Twitter for iPhone,1.2420526203841782e+18,And now we have coronavirus commercials. #coronavirus,1886570257.0,0.0
38,2011-02-13T21:30:24Z,,,2020-03-23T20:28:16Z,8.0,35.0,108.0,0.0,0.0,0.0,en,,,,,,0.0,LghtsCmraAndrew,Twitter for iPhone,1.242186424067203e+18,"Has anyone thought of maybe asking the aliens for some help with this shit?
#coronavirus",251794564.0,0.0
39,2018-03-01T02:58:10Z,,,2020-03-23T01:23:50Z,16155.0,38.0,141.0,0.0,0.0,2.0,en,,,,,,1.0,MissMichaels_,Twitter for Android,1.241898415484801e+18,"Dear Fellow Floridians, for the love of stopping this Coronavirus Apocalypse as soon as possible, please take isolation &amp; social distancing seriously! We aren't trying to take away your Spring Break or vacation, we are trying to save lives. #shutdownflorida #COVID19",9.690440939376108e+17,0.0
40,2019-12-04T02:25:06Z,,,2020-03-23T17:57:40Z,796.0,15.0,259.0,0.0,0.0,0.0,en,,,,,,0.0,MdSalma58225504,Twitter for Android,1.2421485232875315e+18,"We stand by Italy during these trying times. Share your Support for our Italian friends, They are our colleagues, friends and family. Cari amici, siamo con voi. #COVID19 #WeStandWithItaly",1.2020511120202998e+18,0.0
41,2007-04-19T01:34:58Z,,,2020-03-23T03:22:12Z,91702.0,1651.0,463.0,0.0,0.0,0.0,en,,,nethead,1.2419277963494195e+18,5174401.0,0.0,nethead,Twitter for iPhone,1.2419282032178422e+18,"Australia 3/22/20

1,352 (+281) confirmed cases
46 (0) recovered
7 (0) deaths

death percentage 0.52%

#CoronaVirus #COVID19",5174401.0,0.0
42,2009-03-28T08:20:07Z,,,2020-03-23T09:42:59Z,97.0,6.0,117.0,0.0,0.0,2.0,en,,,,,,0.0,Rusty996999,Twitter for Android,1.2420240332831785e+18,"""Social Distancing saves lives: Spread the word, not the disease. ""
üôé‚Äç‚ôÇÔ∏è‚¨ÖÔ∏è ‚û°Ô∏è üôçüèª‚Äç‚ôÄÔ∏è  #COVID19",27199373.0,0.0
43,2009-10-11T22:35:09Z,,,2020-03-23T23:18:39Z,854.0,7884.0,460.0,0.0,0.0,0.0,en,,,,,,33.0,AgronBajrami,Twitter for Android,1.2422292989012541e+18,"#Kosovo late night update:
‚ñ™Ô∏é#coronavirus Govt. decrees new restruction; people can move freely only from 6-10 AM &amp; 4-8 PM
‚ñ™Ô∏éPresident calls the measure unconstitutional, invites citizens to disobey
‚ñ™Ô∏éNo. of new #COVID19 cases rose dramatically: 26.
‚ñ™Ô∏éTotal 61
Frenzy üò±",81700962.0,0.0
44,2018-03-16T15:10:48Z,,,2020-03-23T17:45:30Z,579.0,30.0,378.0,0.0,0.0,1.0,en,,,,,,0.0,1Hayoka,Twitter for iPhone,1.2421454616303616e+18,"I think the electric waves are the reason.üòÜ
#Covid_19 #physics",9.746642827964457e+17,0.0
45,2010-12-26T06:17:48Z,,,2020-03-23T02:48:08Z,1454.0,173.0,408.0,0.0,0.0,2.0,en,,,,,,0.0,KiwiInCanada,Twitter for iPhone,1.2419196318051246e+18,Canada needs to go on a total lockdown now. Clearly we are showing we can‚Äôt follow instructions. This is what governments do...look out for people when they need help. Well we need help. Shut everything down. #COVID19,230643125.0,0.0
46,2010-09-26T01:26:32Z,,CA,2020-03-23T17:07:04Z,8049.0,7627.0,263.0,0.0,0.0,2.0,en,"Edmonton, Alberta",city,SalimPatel92,1.2421356605609367e+18,195184319.0,0.0,SalimPatel92,Twitter for iPhone,1.2421357876399923e+18,"If you need help with shopping, running errands, or even just need someone to talk to about your concerns and worries, please call me and I will do all that I can In shƒÅ AllƒÅh 

#Yeg #COVID19 #coronavirus",195184319.0,0.0
47,2014-01-17T05:24:07Z,,US,2020-03-23T23:36:23Z,573.0,116.0,327.0,0.0,0.0,0.0,en,"Orting, WA",city,,,,0.0,manderbeast,Twitter for iPhone,1.2422337651469435e+18,"So far according to my count, the President has used 11,752 words in this #coronavirus briefing. But still waiting for him to say something... ü§î #CovidiotInChief #WhitehousePressConference #WhereIsFauci #COVID19",2295524166.0,0.0
48,2019-09-13T11:01:49Z,,,2020-03-23T06:56:07Z,77.0,37.0,217.0,0.0,0.0,2.0,en,,,,,,0.0,oranjevosje,Twitter for Android,1.2419820371306906e+18,"People please: KEEP DISTANCE!!!!!!!!!

Cannot say it enough!

#COVID19",1.1724653666075525e+18,0.0
49,2015-06-27T21:16:58Z,,,2020-03-23T14:37:32Z,17738.0,1831.0,286.0,0.0,0.0,0.0,en,,,,,,0.0,AliZeejay,Twitter for Android,1.2420981561138872e+18,"This quarantine has made people realise that they have no hobbies, except going out to eat &amp; spending money.
#CoronavirusPandemic
#StayHome",3258075030.0,0.0
50,2016-03-20T00:14:28Z,,,2020-03-23T19:01:38Z,8480.0,106.0,214.0,0.0,0.0,0.0,en,,,,,,1.0,DarrenMBaldwin,Twitter for Android,1.2421646219197112e+18,"Emails, not meetings.
Most jobs can telecommute.
Bosses: essential?

Lessons from #COVID19 , a #haiku by me.",7.11345123523625e+17,0.0
51,2010-08-18T17:38:57Z,,,2020-03-23T06:36:03Z,518.0,115.0,237.0,0.0,0.0,2.0,en,,,,,,0.0,zuhail786,Twitter for Android,1.2419769880443126e+18,"Everyone has this #BillionDollarQuestion when would this #CoronavirusPandemic ends?? The answer is us.. We have to #StayHome #SocialDistancing and #behealthy ..
By following the instructions from the #Government we can #SaveLives of who is getting affected to #COVID„Éº19 #staysafe",180030319.0,0.0
52,2010-01-31T20:20:12Z,,,2020-03-23T08:27:10Z,166.0,67.0,430.0,0.0,0.0,0.0,en,,,akiluTGupta,1.2420038184448164e+18,110225782.0,0.0,akiluTGupta,Twitter for Android,1.2420049524587356e+18,#Underratedpollution #NoisePollution #thankyoumerscov2 was ever so impossible to achieve esp. in the city otherwise.. ü§∑ #JantaCurfew #Covid_19india #coronaviruspandemic,110225782.0,0.0
53,2018-10-07T14:31:28Z,,,2020-03-23T20:36:41Z,14199.0,95.0,383.0,0.0,0.0,0.0,en,,,,,,0.0,JaRyKii,Twitter for Android,1.2421885396615537e+18,I'm gonna go out and exercise twice tomorrow #UKlockdown #lockdown #coronavirus #COVIDIOTS,1.0489438985073172e+18,0.0
54,2011-12-02T18:50:55Z,,,2020-03-23T21:03:35Z,666.0,196.0,125.0,0.0,0.0,0.0,en,,,,,,0.0,JordanGay10,Twitter for iPhone,1.2421953112521687e+18,Everyone is gonna have long hair... #coronavirus,426817994.0,0.0
55,2011-03-26T22:33:39Z,,,2020-03-23T20:39:55Z,2758.0,197.0,147.0,0.0,0.0,0.0,en,,,,,,0.0,rantjamaica,Twitter for Android,1.2421893532685107e+18,#Covid19 put your new years resolutions out the window...,272651524.0,0.0
56,2012-08-27T06:00:41Z,,,2020-03-23T00:11:11Z,16843.0,169.0,167.0,0.0,0.0,0.0,en,,,,,,0.0,milas_mamma,Twitter for iPhone,1.2418801350595502e+18,"I hate that my health insurance ends this month,what happens if I get #COVID19 if i don‚Äôt have it already, how a I supposed to pay the medical bill? #ThisIsAmerica",783933888.0,0.0
57,2012-08-03T19:09:15Z,,GB,2020-03-23T13:29:14Z,2056.0,110.0,144.0,0.0,0.0,2.0,en,"Maidenhead, South East",city,,,,0.0,elsa_desmond,Twitter for Android,1.242080968615301e+18,"I'm super impressed by my little brother. Crazy times and he has just got on with it! Done his school work from home, followed what people have told him to do with distancing, no complaints at all! If an 11 year old can do it you can too! #COVID„Éº19 #coronavirus #homeschooling",735383822.0,0.0
58,2019-02-02T18:44:38Z,,,2020-03-23T14:44:55Z,4280.0,167.0,283.0,0.0,0.0,2.0,en,,,,,,0.0,revengebets,Twitter for Android,1.2421000149875139e+18,For all I know I am a carrier #coronavirus no symptoms bit hearing can still be a carrier,1.0917693775764439e+18,0.0
59,2010-01-16T18:35:57Z,,,2020-03-23T20:43:30Z,40451.0,611.0,352.0,0.0,0.0,0.0,en,,,,,,0.0,mariahpatricia1,Twitter for iPhone,1.2421902554423337e+18,Feels like I am living in an alternate universe at the moment ü§Øüò≥ #coronavirus,105557695.0,0.0
60,2017-01-05T01:06:33Z,,,2020-03-23T20:05:11Z,193.0,38.0,178.0,0.0,0.0,0.0,en,,,,,,0.0,Zach1442,Twitter for iPhone,1.2421806149646213e+18,With gas prices dropping so low. I see a huge increase happening when all of this is over. But we could keep it low if everyone kept working at home if it wasn‚Äôt a big deal for them or the company. It would make life easier when all of this #coronavirus stuff is over with.,8.168130985983017e+17,0.0
61,2018-06-11T11:45:23Z,,,2020-03-23T11:26:42Z,998.0,77.0,474.0,0.0,0.0,0.0,en,,,,,,0.0,antoeverton1,Twitter for iPhone,1.2420501322349445e+18,"Not everyone can just stop working yano,not even assd about the money,it‚Äôs having a ducking job to come back to #coronavirus",1.00614033325892e+18,0.0
62,2016-02-22T10:27:14Z,,,2020-03-23T05:30:48Z,71010.0,760.0,429.0,0.0,0.0,0.0,en,,,,,,2.0,VinuPolavarapu,Twitter for iPhone,1.2419605677676175e+18,"Krishna District Is Under Lockdown.. But, No one are taking it seriouslyü§∑üèª‚Äç‚ôÄÔ∏è 
#Covid19AP #Covid19",7.01714857402368e+17,0.0
63,2015-05-03T09:02:07Z,,,2020-03-23T22:06:26Z,3348.0,105.0,476.0,0.0,0.0,2.0,en,,,,,,0.0,AlyssaR2001,Twitter for iPhone,1.2422111252714414e+18,We are all getting done over by the most microscopic piece of bacteria because people are stupid and won‚Äôt stay in their house and then putting others and the more vulnerable at risk... the world is full of selfish peopleüò¢ #coronavirus #covidiots,3230171722.0,0.0
64,2012-02-07T22:55:53Z,,US,2020-03-23T20:21:55Z,406.0,327.0,469.0,0.0,0.0,0.0,en,"Chehalis, WA",city,,,,0.0,trev_hubnw,Twitter for iPhone,1.2421848231264256e+18,"Tag some of your favorite local restaurants that are doing take out orders to support during #COVID19! 

#SupportLocal ü•ØüßÄüçîüçïüçö‚òïÔ∏è",486109699.0,0.0
65,2014-02-13T13:29:28Z,,ID,2020-03-23T10:59:35Z,3660.0,8319.0,381.0,0.0,0.0,0.0,en,"Menteng, Indonesia",city,,,,7.0,AStoiosbraken,Twitter for iPhone,1.2420433069738598e+18,These bizarre times call for reflection and I find myself thinking of my time in #Pakistan. Fond memories! Sending warm wishes to all my friends- Happy #PakistanDay2020 #StaySafe #CoronavirusPandemic #SocialDistancing,2341992949.0,0.0
66,2009-05-04T06:41:57Z,,,2020-03-23T18:33:11Z,6451.0,524.0,459.0,0.0,0.0,0.0,en,,,,,,0.0,Jason_Garber,Twitter for iPhone,1.2421574621504676e+18,The country that talks the loudest being number one can‚Äôt get a #Coronavirus aid bill decided upon. Due to political games. Pathetic. Morally bankrupt country...,37611482.0,0.0
67,2017-01-14T07:09:28Z,,,2020-03-23T11:32:55Z,1802.0,59.0,125.0,0.0,0.0,0.0,en,,,MayurGhurka,1.2420511925464596e+18,8.201659221241692e+17,0.0,MayurGhurka,Twitter for Android,1.242051698215891e+18,"I'm sure that you might have done all the things and then you are feeling *bored*..üëÄ

#Covid_19india 
#CoronavirusPandemic 
#SocialDistancing 
#StayAtHome",8.201659221241692e+17,0.0
68,2012-06-17T05:47:36Z,,,2020-03-23T07:06:20Z,2009.0,249.0,102.0,0.0,0.0,0.0,en,,,,,,0.0,Poetic_Dharma,Twitter for Android,1.2419846098620744e+18,Cigarettes should be brought under the category of  Essential Commodities. #coronavirus,610627641.0,0.0
69,2012-05-15T16:13:05Z,,,2020-03-23T18:51:16Z,14986.0,656.0,414.0,0.0,0.0,0.0,en,,,,,,15.0,_AhmedTweets_,Twitter for Android,1.242162011565437e+18,"France, 1st EU country to ban face veil, but now fines ‚Ç¨150 for not covering face amid #COVID19 

The French govt are #COVIDIOTS",581026459.0,0.0
70,2015-12-22T10:45:44Z,,IN,2020-03-23T18:49:33Z,1485.0,74.0,329.0,0.0,0.0,0.0,en,"Cuttack, India",city,,,,0.0,kc_parida,Twitter for Android,1.2421615793044398e+18,Please #StayHomeIndia üôè warna #coronavirus aaa jayega,4630364179.0,0.0
71,2010-03-07T04:34:00Z,,,2020-03-23T22:56:28Z,702.0,412.0,202.0,0.0,0.0,0.0,en,,,,,,0.0,ASteverson,Twitter for Android,1.2422237187445883e+18,Who would of thought the internet would become the safest place to be right now? #coronavirus,120661983.0,0.0
72,2015-11-11T08:00:16Z,,,2020-03-23T21:06:38Z,655.0,45.0,109.0,0.0,0.0,2.0,en,,,,,,0.0,UnmotivatedOSRS,Twitter for Android,1.2421960784071393e+18,"UK now on lockdown for 3 weeks, wonder if any of the people who still work with around 200+ people walking in and out will receive any pay in which to cover the hazard risk of being exposed too all of this at all? Especially the NHS and Supermarkets #coronavirus #UKLockdownNow",4162478848.0,0.0
73,2012-06-03T23:26:04Z,,,2020-03-23T14:55:54Z,1929.0,175.0,161.0,0.0,0.0,2.0,en,,,,,,0.0,TeamBisi,Twitter for Android,1.2421027805438607e+18,"This is #WW3 except it's not a fight for the militaries, this time it's the health care professionals fighting this battle. We keep the them all in prayers and those who are affected üôèüèæüôèüèæ #COVID19 #CoronavirusPandemic #CoronavirusOutbreak",598751686.0,0.0
74,2013-07-07T00:35:55Z,,,2020-03-23T01:46:46Z,592.0,30.0,274.0,0.0,0.0,0.0,en,,,,,,0.0,THEjosephsuissa,Twitter for iPhone,1.2419041891789087e+18,"Due to the #coronavirus , it‚Äôs congresses job/obligation to create a law stating that for every week we in #QuaratineLife , is equal to 1 year. #math",1573933956.0,0.0
75,2017-11-16T19:45:14Z,,,2020-03-23T17:32:53Z,1347.0,183.0,313.0,0.0,0.0,0.0,en,,,,,,0.0,Type1Chlo,Twitter for iPhone,1.2421422871881482e+18,Amazing how many people become medical experts when there‚Äôs a pandemic #COVIDIOTS #COVID19,9.312468055259423e+17,0.0
76,2010-05-01T15:44:13Z,,,2020-03-23T23:21:20Z,2026.0,3632.0,492.0,0.0,0.0,0.0,en,,,,,,0.0,Go2CleanBreak,Twitter for iPhone,1.2422299772208128e+18,"I have flour. Have cinnamon. Decided during this time of self-isolation to bake some cinnamon bread. Little did I know there‚Äôs been a run on baker‚Äôs yeast at major grocery stores! Wtf? Anyway, can always count on my local corner store for having unexpected items. #baked #COVID19",139112983.0,0.0
77,2012-10-03T20:21:39Z,,,2020-03-23T15:26:12Z,15507.0,388.0,292.0,0.0,0.0,1.0,en,,,,,,0.0,therealahfb,Twitter for iPhone,1.242110406497362e+18,In the end this virus will kill more businesses than people. #coronavirus #hysteria #facts,860280294.0,0.0
78,2010-09-06T02:28:15Z,,,2020-03-23T19:59:38Z,18.0,217.0,213.0,0.0,0.0,0.0,en,,,,,,0.0,aliinnn,Twitter for Android,1.2421792170825687e+18,We are now part of the history #COVID19,187385884.0,0.0
79,2016-09-07T21:35:48Z,,,2020-03-23T13:34:27Z,4031.0,348.0,392.0,0.0,0.0,0.0,en,,,,,,0.0,ntethelelo97,Twitter for Android,1.2420822802328863e+18,South Africa will record the highest death rate caused by #CoronavirusPandemic because of its ignorance #shutdownsouthafrica,7.736359063056589e+17,0.0
80,2019-12-29T16:10:54Z,,,2020-03-23T08:21:06Z,164.0,131.0,185.0,0.0,0.0,0.0,en,,,,,,2.0,elameen282,Twitter for Android,1.242003425463804e+18,"None of the Nigeria politicians ever thought that a day would come where they have to use the dead and decaying health service of our dear country that was murdered by them. Ya Allah protect and safe our dear country and the world at large... Ameen!
#COVID19",1.2113186195036774e+18,0.0
81,2015-10-23T20:56:07Z,,GB,2020-03-23T21:18:44Z,719.0,264.0,132.0,0.0,0.0,0.0,en,"Manchester, England",city,,,,0.0,Maddykurdi31,Twitter for iPhone,1.242199124155515e+18,PM announces a full UK lockdown for 3 weeks to tackle #COVID19,4026779387.0,0.0
82,2017-05-24T20:22:30Z,,,2020-03-23T09:48:30Z,207.0,20.0,330.0,0.0,0.0,0.0,en,,,,,,0.0,Pauly1916,Twitter for Android,1.2420254189092536e+18,"So today we had it confirmed, if the country goes Into Lockdown, DHL stays open as we are classified as Key workers üò≠ #glasgow #COVID19",8.674759158104596e+17,0.0
83,2014-01-27T15:01:00Z,,,2020-03-23T23:21:29Z,272.0,74.0,195.0,0.0,0.0,2.0,en,,,,,,0.0,ibecarlo,Twitter for Android,1.2422300129815224e+18,I'm so glad I live in the UK and we have the NHS because in America it looks like truly a shit show #coronavirus #coronavirusuk,2307869435.0,0.0
84,2010-06-27T08:50:17Z,,,2020-03-23T06:28:22Z,348.0,437.0,395.0,0.0,0.0,0.0,en,,,,,,0.0,Craigang31,Twitter for iPhone,1.2419750563576422e+18,If we go on lock down tonight real talk will there be an Emergency barber? I cant go weeks without a trim #barber #barbershop #COVID„Éº19 #COVID19 #CoronaVirusUpdate,160140851.0,0.0
85,2015-12-16T19:19:48Z,,,2020-03-23T03:10:01Z,82.0,119.0,279.0,0.0,0.0,0.0,en,,,,,,0.0,dr_manas_rd,Twitter for Android,1.2419251380664443e+18,#Coronavirus:-all nation is in danger  ...self immobilization  is the key fr preventing  this,4505902587.0,0.0
86,2019-05-19T02:30:44Z,,,2020-03-23T02:44:52Z,3.0,8.0,292.0,0.0,0.0,0.0,en,,,KingmanLayton,1.24154344275021e+18,1.1299373998223235e+18,0.0,KingmanLayton,Twitter for iPhone,1.2419188109381181e+18,Corona Lockdown Day 8. 6 Episodes of The Suite Life of Zach and Cody. The Movie: 2012. The movie She‚Äôs Out of My League. Black Mirrior Bandersnatch. #Covid_19 #CoronaVirusChallenge #StayAtHomeChallenge #QuarentineLife #CoronaLockdown #life #justchilling,1.1299373998223237e+18,0.0
87,2019-05-08T10:29:24Z,,,2020-03-23T04:28:16Z,3336.0,49.0,250.0,0.0,0.0,2.0,en,,,,,,0.0,_wickedgames,Twitter for Android,1.2419448316829082e+18,"Why is nobody asking questions from Modi on how India, a country of over a billion people, is going to survive this pandemic?

In our city #coronavirus transmission is already in stage 3 (community transmission).

In couple of days transmission numbers will be in thousands üò∑",1.1260715939631145e+18,0.0
88,2015-06-29T19:56:11Z,,,2020-03-23T13:39:21Z,2690.0,415.0,371.0,0.0,0.0,0.0,en,,,,,,0.0,JudaRetro,Twitter for Android,1.2420835164744868e+18,"I'm definitely the same age next year, I'm repeating this one because üöÆ #CoronavirusPandemic",3351120143.0,0.0
89,2011-05-23T21:20:43Z,,,2020-03-23T15:17:00Z,7599.0,220.0,329.0,0.0,0.0,0.0,en,,,,,,0.0,chervona22,Twitter for Android,1.2421080903020503e+18,"This Gretchen Whitmer speech is giving me anxiety 
#corona #michigan #COVIDActNow #CoronavirusPandemic",304057479.0,0.0
90,2009-02-24T16:30:39Z,,,2020-03-23T18:04:28Z,9783.0,7008.0,447.0,0.0,0.0,0.0,en,,,,,,1.0,Pumza_Fihlani,Twitter for iPhone,1.2421502330747863e+18,Mr Ramaphosa says the army has be deployed to work alongside the police to make sure that the measures he‚Äôs announced are followed. #Coronavirus,21768409.0,0.0
91,2019-06-11T03:28:46Z,,,2020-03-23T08:18:49Z,23.0,373.0,394.0,0.0,0.0,0.0,en,,,,,,0.0,TheAimercat,Twitter for iPhone,1.2420028509322322e+18,i really miss having a waxed ass. still haven‚Äôt figure out how to do that one from home without a pro involved #QuaratineLife #COVID19 #Quarantine,1.1382869277430006e+18,0.0
92,2020-02-07T15:22:02Z,,,2020-03-23T22:53:54Z,1033.0,51.0,195.0,0.0,0.0,2.0,en,,,,,,1.0,pauper_b,Twitter for iPhone,1.242223071722967e+18,"Everyone: STAY PUT. DON‚ÄôT LEAVE THE HOUSE! 

Grocery store websites: all this food is only available for in-store pick up. 

#gofuckyourself #corona #covid19",1.2258018561290813e+18,0.0
93,2020-03-11T19:23:36Z,,,2020-03-23T22:54:00Z,55.0,5.0,112.0,0.0,0.0,0.0,en,,,,,,0.0,_____kat13_____,Twitter for iPhone,1.2422230975557018e+18,"This quarantine has got me feeling like I‚Äôm a teenager in summer again. At least this time I‚Äôm not depressed. 
#CoronavirusOutbreak #StayHome #QuarantineThoughts #bored #outofmymind",1.237821448967897e+18,0.0
94,2011-07-23T17:51:52Z,,,2020-03-23T00:30:10Z,2701.0,264.0,335.0,0.0,0.0,0.0,en,,,,,,0.0,BrogieBear9,Twitter for iPhone,1.2418849094987817e+18,I‚Äôve worked since I was 13? Payed all my taxes!! We need more than ¬£96 per week!!! #helptheselfemployed #paye #COVID19 #StayAtHome #CoronavirusPandemic #SocialDistancing,341030763.0,0.0
95,2009-11-21T18:55:43Z,,,2020-03-23T23:16:32Z,14716.0,6284.0,166.0,0.0,0.0,0.0,en,,,,,,2.0,Muloongo,Twitter for iPhone,1.2422287683509944e+18,What is the great source of stress or irritation for people living in the new world of #coronavirus #QuarantineLife #QuarantineAndChill #QuarantineChallenge:,91630900.0,0.0
96,2020-03-11T00:40:41Z,,,2020-03-23T12:37:21Z,58.0,8.0,110.0,0.0,0.0,2.0,en,,,,,,1.0,MarcellaRLamb,Twitter for Android,1.2420679115205386e+18,"We have a virus that is killing people. If we could get past the politics then we could fight it. It does not care about politics, or who did what or when.
 #PresidentTrump
#coronavirus #GOPBailoutScam
#DemocratsAreDestroyingAmerica #DemocratsHateAmerica",1.2375387946576773e+18,0.0
97,2013-04-17T11:42:19Z,,,2020-03-23T12:08:04Z,15206.0,104.0,336.0,0.0,0.0,0.0,en,,,,,,0.0,fatesmadness,Twitter for iPhone,1.2420605442966405e+18,"Positive news less air pollution, bad news aside from the pandemic, China that sneak, use this chance to keep on the West Philippine Sea

#ChinaCoronaVirus #COVID19PH #Covid_19PH #Covid #coronavirus",1359221600.0,0.0
98,2010-08-05T03:03:33Z,,,2020-03-23T01:17:07Z,2578.0,88.0,177.0,0.0,0.0,2.0,en,,,,,,0.0,charliejoseph3,Twitter for Android,1.2418967265937859e+18,"Republicans are acting like socialists with massive government handouts, but Nancy Pelosi put an end to it. What timeline are we living in? #CoronavirusPandemic",174900266.0,0.0
99,2012-11-17T18:47:12Z,,,2020-03-23T21:43:33Z,22082.0,163.0,364.0,0.0,0.0,0.0,en,,,,,,0.0,OilLavender,Twitter for iPhone,1.2422053662529004e+18,Hol‚Äô up wait a minute..... Issa pandemic #COVID19,954118388.0,0.0
100,2010-12-19T06:04:49Z,,,2020-03-23T15:53:30Z,4107.0,201.0,293.0,0.0,0.0,0.0,en,,,,,,0.0,ryan_gant,Twitter for Android,1.242117274967978e+18,My seasonal allergies are fighting me and I am about to walk into Walmart. This ought to be interesting.  #coronavirus,228262583.0,0.0
101,2009-08-16T13:45:39Z,,,2020-03-23T07:29:39Z,664.0,1211.0,248.0,0.0,0.0,0.0,en,,,,,,0.0,jpaulhernandez,Twitter for iPhone,1.2419904761959752e+18,"For those who have the budget to do online shopping while in home quarantine, I suggest that you use that money to invest in your future instead.

Grow your assets, not your bills üòÄ
#coronavirus #invest #abundancemindset",66116965.0,0.0
102,2013-03-16T12:14:56Z,,,2020-03-23T19:08:17Z,8310.0,74.0,230.0,0.0,0.0,2.0,en,,,,,,0.0,waabbaC,Twitter for iPhone,1.2421662948347085e+18,Stay the fuck home guys. #COVIDIDIOTS #COVID19 #StayAtHomeSaveLives,1272183367.0,0.0
103,2009-06-12T02:14:17Z,,,2020-03-23T22:23:54Z,88.0,70.0,219.0,0.0,0.0,0.0,en,,,,,,0.0,gaston_meister,Twitter for Android,1.2422155230075453e+18,Was honestly looking forward to having 3 weeks off but somehow my workplace is essential ü§¶‚Äç‚ôÇÔ∏èüò∑ #StayHome #COVID19,46554978.0,0.0
104,2019-10-17T18:46:35Z,,,2020-03-23T20:35:43Z,1900.0,20.0,167.0,0.0,0.0,2.0,en,,,,,,0.0,purementalinnit,Twitter for iPhone,1.242188295918039e+18,Who wants to protest against Boris Johnson where everyone is 4 feet apart üò≥. Less lives would of been lost if he went into lockdown weeks ago. #LockdownNow #COVIDIOTS #COVID„Éº19 #fuckboris #StayAtHomeSaveLives #coronavirus,1.1849035206901023e+18,0.0
105,2011-02-13T23:33:48Z,,,2020-03-23T23:25:19Z,9277.0,2174.0,194.0,0.0,0.0,0.0,en,,,,,,0.0,timesofiraq,Twitter for Android,1.2422309792946463e+18,"Unseen with the eyes virus submitted all the superpowers on earth to its mightiness.

#coronavirus.

Hopefully, USA will admit it is not the only superpower who can invade weaker countries such as Iraq.",251839291.0,0.0
106,2009-07-06T11:27:27Z,,,2020-03-23T19:13:59Z,1384.0,133.0,434.0,0.0,0.0,0.0,en,,,,,,0.0,Dramaibaaz,Twitter for iPhone,1.242167728288514e+18,"After 31st March let‚Äôs call it 2021.
Had enough of 2020. 

#CoronaVirus #Lockdownnow

#StayHomeIndia",54180150.0,0.0
107,2011-07-31T05:52:01Z,,IN,2020-03-23T17:36:35Z,3284.0,60.0,426.0,0.0,0.0,2.0,en,"Greater Noida, India",city,,,,0.0,AmitansuBal,Twitter for Android,1.2421432180927898e+18,"Guys keep social distance and support government with #lockdownindia.
#StayHomeStaySafe
#fightagainstcorona #COVID19",345801633.0,0.0
108,2014-05-01T12:03:01Z,,,2020-03-23T17:25:15Z,70.0,22.0,100.0,0.0,0.0,2.0,en,,,,,,0.0,malikali_1991,Twitter for Android,1.2421403657061417e+18,"The #doctors are on the front line against #COVID19outbreak and this is the only line.
God Almighty save Humanity.
#CoronavirusOutbreak 
#COVID 
#LockdownNow 
#staysafe 
#StayAtHomeSaveLives 
#prayforitaly",2472391350.0,0.0
109,2011-02-11T04:29:58Z,,,2020-03-23T19:38:53Z,1050.0,516.0,491.0,0.0,0.0,0.0,en,,,,,,5.0,ThinkAgainUSA,Twitter for iPhone,1.242173994515628e+18,"Is it really this binary - either a #COVID19 pandemic or great depression? Can‚Äôt we mitigate both by mass producing protective gear, enabling people to securely return to work? We equipped mankind to go to the moon in the sixties; why not back to work now?",250470578.0,0.0
110,2020-01-03T21:29:57Z,,,2020-03-23T18:43:09Z,1155.0,336.0,446.0,0.0,0.0,0.0,en,,,,,,0.0,taremichaels,Twitter for Android,1.2421599672281006e+18,"Gad my niece bought sugarcane from Hausa man. 
I chop am on God. 
Fam did I say I live in Gwagwalada üò≠. Pray for me. 
#COVID19",1.2132108301891297e+18,0.0
111,2018-04-14T02:44:11Z,,,2020-03-23T04:39:06Z,5752.0,90.0,195.0,0.0,0.0,0.0,en,,,,,,0.0,KevinDubicki,Twitter for iPhone,1.241947558076805e+18,How long until we are in complete lockdown? #covid19,9.849856415564308e+17,0.0
112,2017-01-20T18:03:52Z,,,2020-03-23T22:27:46Z,21414.0,339.0,316.0,0.0,0.0,0.0,en,,,,,,0.0,HnH404,Twitter for Android,1.2422164956161475e+18,This #coronavirus briefing is trash.,8.225049324230492e+17,0.0
113,2010-09-18T22:34:54Z,,,2020-03-23T11:31:13Z,4614.0,691.0,270.0,0.0,0.0,0.0,en,,,,,,0.0,annielara97,Twitter for iPhone,1.2420512676624138e+18,"At this point I want the uk‚Äôs lockdown to be enforced today, because people aren‚Äôt listening to the rules and it‚Äôs so frustrating. We will be suffering for a lot longer if people don‚Äôt listen! #COVIDIOTS #coronavirus",192356436.0,0.0
114,2011-08-08T10:13:21Z,,,2020-03-23T08:19:38Z,4069.0,309.0,173.0,0.0,0.0,0.0,en,,,,,,0.0,AnamIShaikh,Twitter for Android,1.242003057770025e+18,Does Modi not realise that his little stunt has raised the risk of virus spreading and claiming more lives? How many more lives is he willing to put on the line just so he can stay in the news? Such a massive fail this taali aur thaali gimmick was. #coronavirus,350804127.0,0.0
115,2014-03-29T16:56:30Z,,,2020-03-23T12:39:49Z,14966.0,168.0,124.0,0.0,0.0,2.0,en,,,summer_natalie1,1.2420680205556367e+18,2444975548.0,0.0,summer_natalie1,Twitter for iPhone,1.2420685316735508e+18,you‚Äôd think the NHS that everyone is praising at the moment would atleast provide doctors and healthcare nurses with clothing that reduces their risk of catching it but nah they expect my mum to continue working.. whereas the logic? #coronavirus #COVID„Éº19 #NHSstaff,2444975548.0,0.0
116,2016-06-10T10:18:11Z,,,2020-03-23T21:56:27Z,10.0,6.0,212.0,0.0,0.0,0.0,en,,,,,,0.0,gaurav25bht,Twitter for Android,1.2422086131809034e+18,"GLOBAL #CORONAVIRUS CASES REACH 358,060

üá®üá≥81,093
üáÆüáπ59,138
üá∫üá∏39,207
üá™üá∏33,089
üá©üá™27,289
üáÆüá∑23,049
üá´üá∑16,689
üá∞üá∑8,961
üá®üá≠8,547
üá¨üáß5,837
üá≥üá±4,749
üá¶üáπ4,018
üáßüá™3,743
üá≥üá¥2,547
üáµüáπ2,060
üá∏üá™2,046
üá¶üá∫1,717
üáßüá∑1,620
üá®üá¶1,550
üá≤üáæ1,518
üá©üá∞1,450
üáÆüá±1,238
üáπüá∑1,236
üá®üáø1,165
üáØüáµ1,101
üáÆüá™906
üáµüá∞873
üá±üá∫798
üá™üá®789
üáπüá≠721",7.412128568178442e+17,0.0
117,2018-11-07T03:28:46Z,,,2020-03-23T23:24:44Z,1781.0,148.0,326.0,0.0,0.0,0.0,en,,,,,,0.0,TennantBrook,Twitter for iPhone,1.242230832116441e+18,"If you are grounded in 2020 , your parents are grounded with yo! #COVID19",1.0600111484671672e+18,0.0
118,2009-02-12T19:27:15Z,,,2020-03-23T00:52:36Z,7448.0,354.0,492.0,0.0,0.0,0.0,en,,,,,,0.0,MistyLovingLife,Twitter for iPhone,1.241890555874902e+18,Pretty sure Earth has the infinity stones and said we resettin‚Äô this bitch. #COVID19,20708062.0,0.0
119,2017-06-18T23:55:35Z,,,2020-03-23T20:23:08Z,17463.0,1033.0,409.0,0.0,0.0,0.0,en,,,,,,0.0,TitansTonk,Twitter for iPhone,1.2421851316008755e+18,"What if instead of 2012. The Mayans got the numbers wrong and it was actually 2021?

#coronavirus #CoronavirusPandemic #CoronaPandemic #coronapocolypse",8.765892395967242e+17,0.0
120,2011-12-17T00:19:19Z,,,2020-03-23T10:21:23Z,866.0,24.0,185.0,0.0,0.0,0.0,en,,,,,,0.0,raulfoodguyromo,Twitter for Android,1.2420336952399503e+18,"I think people are often in a rush to talk in an educated manor in things they know nothing about - Andy Stumpf

#2020 #COVID19 #COVID„Éº19 #coronavirus #CoronavirusPandemic #CoronaVirusUpdate #CoronavirusUSA",438761628.0,0.0
121,2017-11-21T17:02:19Z,,,2020-03-23T01:13:58Z,27934.0,301.0,407.0,0.0,0.0,0.0,en,,,,,,0.0,lucasbentley512,Twitter for iPhone,1.2418959324693586e+18,"Regarding PPE

Hospitals - Reach out to the local/regional water &amp; wastewater utilities/municipalities.

When I worked for Cincinnati Ohio MSD, our stores room had a large supply of N95 masks, gloves and other kinds of PPE.

#ppe #medicalsupplies #coronavirus #covid19 #safety",9.330177427976643e+17,0.0
122,2009-05-08T00:11:34Z,,,2020-03-23T20:33:37Z,2356.0,84.0,417.0,0.0,0.0,2.0,en,,,,,,0.0,mountainmeli,Twitter for iPhone,1.2421877671586816e+18,There are seniors I put midst whose respirators will be removed and given to young people who were partying on the beaches just one week ago. Let that sink in. #coronavirus,38556316.0,0.0
123,2009-03-02T21:12:13Z,,,2020-03-23T20:41:38Z,317.0,23.0,181.0,0.0,0.0,0.0,en,,,,,,0.0,denemitchell,Twitter for iPhone,1.2421897852650496e+18,So can I walk my dog then? üê∂ #coronavirus,22534601.0,0.0
124,2019-11-07T03:43:32Z,,,2020-03-23T18:49:08Z,2289.0,82.0,446.0,0.0,0.0,0.0,en,,,jemma_nye,1.2421540745413632e+18,1.1922863861094643e+18,0.0,jemma_nye,Twitter for iPhone,1.242161476774908e+18,"My sister and my mother are my world. So forgive my language, but I‚Äôm fucking pissed. The government exists to help us, not to be a bunch of feckless pieces of shit. /end

#COVIDIOTS #MondayMorning #COVID„Éº19 #COVID19 #COVIDIOT #MoscowMitchSlushFund #Trump",1.1922863861094646e+18,0.0
125,2016-08-02T17:17:15Z,,,2020-03-23T05:52:50Z,1867.0,54.0,273.0,0.0,0.0,0.0,en,,,,,,0.0,piyushkumar9570,Twitter for Android,1.2419661129981747e+18,"Thanks P.M. For sunday evening exercise,  Now i knew that who all are my neighbors,  and yes how may Beguiling corundum living all side of my house...

#COVID19outbreak #COVIDIOTS #ShaheedDiwas #LockDownPakisan #CoronaFreePakistan #CoronavirusPandemic #COVID19 #Coronavirus",7.605248787724452e+17,0.0
126,2013-05-19T06:34:50Z,,,2020-03-23T09:18:52Z,1236.0,52.0,392.0,0.0,0.0,0.0,en,,,,,,1.0,sameezaheer,Twitter for Android,1.242017962237866e+18,#LockDownPakisan #CoronaFreePakistan #LockdownNow #Covid_19 what is our current test capacity ! And we should increase on DAILY basis,1440397418.0,0.0
127,2011-05-31T20:23:22Z,,,2020-03-23T18:46:15Z,376.0,246.0,435.0,0.0,0.0,0.0,en,,,,,,0.0,bognorb,Twitter for iPhone,1.2421607482787471e+18,"The UK is showing the world what is more important to them, and right now it‚Äôs a Big Mac.  #COVIDIOTS #StayAtHomeSaveLives #COVID19",308677506.0,0.0
128,2014-04-17T04:57:12Z,,,2020-03-23T17:52:46Z,1286.0,146.0,217.0,0.0,0.0,0.0,en,,,,,,0.0,therealcplatt,Twitter for Android,1.2421472877296108e+18,If we learn anything from this situation I pray its to stop listening to celebrities' opinions on ANYTHING #coronavirus,2448934064.0,0.0
129,2018-11-27T17:33:55Z,,,2020-03-23T14:25:27Z,1093.0,359.0,365.0,0.0,0.0,2.0,en,,,,,,0.0,Ice_Colder,Twitter for iPhone,1.2420951188254228e+18,"Honestly, no one is taking any notice of staying in. I thought the elderly were not allowed out? They‚Äôre out in droves. It‚Äôs the old fuckers that are spreading it. They think they‚Äôre immune #shamblesstayathome #Coronavid19 #coronavirusuk #COVID19 #coronavirus",1.0674715943086694e+18,0.0
130,2019-06-25T18:22:48Z,,,2020-03-23T02:52:05Z,115.0,31.0,154.0,0.0,0.0,0.0,en,,,,,,0.0,iwantdevilhorns,Twitter for iPhone,1.2419206256456294e+18,does anyone like 5sos and wanna be in a gc? #5sos #5SOSFam #coronavirus,1.1435853467745567e+18,0.0
131,2018-05-15T04:26:19Z,,,2020-03-23T13:30:42Z,8814.0,2724.0,384.0,0.0,0.0,0.0,en,,,ORCRoseAnne,1.2420789424687268e+18,9.962453684164077e+17,5.0,ORCRoseAnne,Twitter for iPhone,1.2420813386997596e+18,"(2) We know from experience in Asia &amp; Europe what works slow/stop the spread of the new #coronavirus: wash hands, not touching your face, cleaning surfaces regularly, limiting people in public spaces, testing widely for #COVID19

Please #stayhome #selfdistance #FlattenTheCurve",9.962453684164076e+17,0.0
132,2013-08-21T05:04:15Z,,,2020-03-23T22:14:40Z,1671.0,1193.0,406.0,0.0,0.0,0.0,en,,,,,,0.0,MissIzzieBella,Twitter for iPhone,1.242213199564456e+18,45 sounds awfully congested... #Coronavirus,1687491199.0,0.0
133,2012-06-14T22:22:54Z,,,2020-03-23T01:08:54Z,6881.0,169.0,289.0,0.0,0.0,0.0,en,,,,,,0.0,trysh_mc,Twitter for Android,1.2418946583237468e+18,"It's bewildering that not one of these millionaire business owners has created and donated #PPEs with #branding. ü§¶

#coronavirus #CoronavirusNewYork #SundayThoughts #COVID19",608550182.0,0.0
134,2011-03-07T01:55:55Z,,,2020-03-23T13:10:15Z,15918.0,557.0,450.0,0.0,0.0,2.0,en,,,,,,0.0,kordey40,Twitter for iPhone,1.2420761936560497e+18,Lol close EVERYTHING for a month!!! #COVID„Éº19 #coronavirus,261957037.0,0.0
135,2018-02-06T16:35:05Z,,US,2020-03-23T03:50:12Z,344.0,50.0,117.0,0.0,0.0,0.0,en,"Florida, USA",admin,,,,0.0,avo_cotto,Twitter for iPhone,1.2419352520183398e+18,"I used to think being home would make me feel happier and less lonely, but now I just cry where my mom can‚Äôt see me #COVID19",9.609147554468905e+17,0.0
136,2013-08-09T18:26:06Z,,,2020-03-23T12:55:11Z,8042.0,73.0,193.0,0.0,0.0,2.0,en,,,,,,0.0,HBur7,Twitter for iPhone,1.24207240028126e+18,"I just want to stay home and keep binging #911onFOX üî•üî•üî•

I don‚Äôt want to go to work and contribute to the pandemic üò°üò°

#coronavirus #CoronaVirusCanada",1658319894.0,0.0
137,2012-09-03T22:16:24Z,,,2020-03-23T01:46:13Z,13373.0,2255.0,335.0,0.0,0.0,2.0,en,,,,,,1.0,emilyyfinn,Twitter for iPhone,1.241904048334426e+18,I‚Äôm really pissed that SoMe FRIGGEN PEOPLE CANT PRACTICE SOCIAL DISTANCING!! YOU ARE NOT HELPING THE PROBLEM WE ARE FACING!!!! IT WILL NOT GET BETTER IF YOU DONT LISTEN DONT THINK UR INVINCIBLE!!! Thx  u for coming to my ted talk #COVID19,801324362.0,0.0
138,2013-01-19T22:26:00Z,,,2020-03-23T02:37:06Z,2073.0,125.0,313.0,0.0,0.0,2.0,en,,,,,,0.0,KL4amriser,Twitter for iPhone,1.2419168525378847e+18,Work for a school? Reach out to your Superintendent and see if you can collect the boxes of gloves and goggles to protect the people on the front lines! Let‚Äôs pool our donations together to area hospitals. #together #community #covid19,1104797964.0,0.0
139,2015-06-25T16:55:00Z,,,2020-03-23T23:27:54Z,3227.0,96.0,141.0,0.0,0.0,2.0,en,,,,,,0.0,muramuramumm,Twitter for iPhone,1.2422316288285368e+18,"I stay in the house the weekend because I'm afraid to infection #coronavirus. But  in #Japan, some people go to hang out. I think it's depends on us that is whether coronavirus can to end. So, I think they should have awareness of crisis more and stay in the house.üè†

#Japanese",3255793332.0,0.0
140,2012-12-12T14:51:23Z,,,2020-03-23T18:40:43Z,2044.0,27.0,170.0,0.0,0.0,2.0,en,,,,,,3.0,Nirshad_97,Twitter for iPhone,1.2421593558787236e+18,Do not listen to politicians who recommend drugs for a disease. Listen to the doctors. Listen to the experts. #Covid19 #Coronavirus #LKA #QuarantineLife #Quarantine,1006537639.0,0.0
141,2016-12-03T17:25:46Z,,,2020-03-23T18:14:52Z,6293.0,191.0,158.0,0.0,0.0,2.0,en,,,,,,0.0,dedbeatdevil,Twitter for iPhone,1.242152850689491e+18,"The best way to approach social distancing is to pretend like you already have the virus.
#COVID19NL #COVID„Éº19 #covid19 #COVID19",8.051007283480044e+17,0.0
142,2011-01-16T00:33:27Z,,,2020-03-23T01:46:41Z,1074.0,229.0,324.0,0.0,0.0,2.0,en,,,ay2mando,1.2419041669996012e+18,238767140.0,0.0,ay2mando,Twitter for Android,1.2419041677335962e+18,"Than I was standing) 
Laughing and joking. 

Look I know #coronavirus is for real and older people are more susceptible to the worst symptoms but that was pretty crazy. I hope that lady stays healthy.",238767140.0,0.0
143,2009-09-21T17:19:55Z,,,2020-03-23T20:38:12Z,19331.0,186.0,175.0,0.0,0.0,2.0,en,,,kingasgar,1.2421835776363889e+18,76083083.0,0.0,kingasgar,Twitter for Android,1.2421889234319892e+18,"And in #India nearly 17-18 million people died during the #SpanishFlu in 1918, which was almost 6% of its population. Highest among the nations. Think about it, #staysafe and #StayHome. #COVID19 #WHO #lockdown #CoronavirusOutbreak #pandemic",76083083.0,0.0
144,2014-03-04T23:33:31Z,,,2020-03-23T13:30:17Z,3941.0,498.0,217.0,0.0,0.0,1.0,en,,,,,,0.0,robert_sftp,Twitter for Android,1.242081235188347e+18,"Don't get me wrong. #COVID19 is serious. 15,328 dead globally.

However, there are more homicides per year in the U.S. alone -- and ""flattening the curve"" doesn't apply to murder. (1/3)

#coronavirus #COVID„Éº19",2372854021.0,0.0
145,2017-11-28T23:33:14Z,,,2020-03-23T18:25:15Z,666.0,31.0,361.0,0.0,0.0,2.0,en,,,,,,0.0,Juju9031,Twitter for Android,1.2421554643574825e+18,Good afternoon all. I hope your staying home and keeping safe. #COVID„Éº19 #CoronaVirus,9.356528375011e+17,0.0
146,2010-08-09T10:31:59Z,,,2020-03-23T03:13:26Z,416.0,15.0,248.0,0.0,0.0,2.0,en,,,,,,0.0,ramanindia,Twitter for Android,1.241925999446483e+18,"Don't panic, stay calm, stay safe, stay at home, we will together fight #coronavirus just follow guidelines of government #IndiaFightsBackCoronavirus #COVID19outbreak",176370655.0,0.0
147,2009-05-16T02:49:56Z,,,2020-03-23T11:39:01Z,205.0,29.0,128.0,0.0,0.0,2.0,en,,,,,,0.0,rileigh24,Twitter for iPhone,1.2420532311879844e+18,"If you have to work go to work then go home. If you need groceries go get them then go home. If you need medicine go get it then go home. If you need...wait...want to hang out with friends, don‚Äôt. Stay home! #coronavirus #StayHome #SocialDistancing",40394693.0,0.0
148,2009-06-08T00:09:39Z,,,2020-03-23T20:48:50Z,466.0,135.0,270.0,0.0,0.0,2.0,en,,,,,,0.0,clairebear2507,Twitter for Android,1.2421915966381425e+18,"Maybe now people will start to take it seriously. It's not hard guys, stay at home!!! The message is short and clear #lockdownuk #coronavirus",45456835.0,0.0
149,2011-02-16T14:37:19Z,,,2020-03-23T21:01:04Z,1810.0,345.0,309.0,0.0,0.0,2.0,en,,,,,,0.0,Salkme,Twitter for iPhone,1.2421946756305715e+18,"#Coronavirus isn‚Äôt #racist &amp; doesn‚Äôt #discriminate! #Rich, #poor black/white whatever #religion u believe in. #Superpower nations with nuclear bombs stand helpless. #Corrupted officials &amp; a poor decent #human struggling 2 bring food 4 his kids r all equal.",253084816.0,0.0
150,2011-02-20T18:20:39Z,,,2020-03-23T13:09:36Z,2724.0,28.0,190.0,0.0,0.0,2.0,en,,,,,,0.0,darthgardiner,Twitter for iPhone,1.2420760295875215e+18,STAYüëèTHEüëèFUCKüëèHOMEüëè #COVID„Éº19 #Nojoke #coronavirus,255117054.0,0.0
151,2008-10-10T02:43:21Z,,US,2020-03-23T18:58:55Z,1418.0,2485.0,491.0,0.0,0.0,2.0,en,"Nolensville, TN",city,,,,0.0,SarahHart,Twitter for iPhone,1.2421639366754468e+18,"If we are to learn anything, it should be these things: 1) when the WHO, the CDC, every doctor and nurse and government official ask you to stay indoors and shelter in place, you do it; and 2) which toilet paper brands you will never, never, ever buy again #coronavirus",16678297.0,0.0
152,2016-07-07T07:03:40Z,,,2020-03-23T07:12:49Z,1055.0,190.0,157.0,0.0,0.0,2.0,en,,,callMe_Buntol,1.2419862371556393e+18,7.509483794259886e+17,0.0,callMe_Buntol,Twitter for Android,1.2419862400414228e+18,"WASH YOUR HANDS REGULARLY! Above all, BE AWARE OF THINGS GOING ON AROUND YOU!
Remember, ignorance kills faster than the virus.  #COVID„Éº19 #CoronaVirusNigeria #StayHome #COVID19 #COVIDIOTS #prayforitaly",7.509483794259886e+17,0.0
153,2010-01-16T05:41:36Z,,,2020-03-23T18:31:54Z,853.0,61.0,343.0,0.0,0.0,2.0,en,,,,,,1.0,HRTLNDpopulist,Twitter for iPhone,1.2421571386858988e+18,Now have clear evidence from Italy that shutdown works. US would have egg on face if Europe contains and we let it go crazy. Need full country quarantine for two weeks and then back to business. #coronavirus #covid #RightWingMinorityOpinion,105386797.0,0.0
154,2008-12-31T04:06:12Z,,,2020-03-23T03:06:49Z,11448.0,556.0,356.0,0.0,0.0,2.0,en,,,,,,0.0,MaryMacElveen,Twitter for Android,1.2419243348993884e+18,The scientists who find the killer vaccine to end this #COVID19 enemy deserve the #NobelPeacePrize and the thanks from a grateful world population. We are cheering all of you on! üòäüëç,18498416.0,0.0
155,2019-06-14T15:04:07Z,,,2020-03-23T23:48:36Z,371.0,75.0,287.0,0.0,0.0,2.0,en,,,,,,0.0,__s__a__d__,Twitter for iPhone,1.2422368390812303e+18,So even though this social distancing has just barely started to work and it‚Äôs ending?????? Ok #COVID19 #SocialDistancing,1.1395490826938327e+18,0.0
156,2019-02-21T20:08:32Z,,,2020-03-23T20:38:42Z,3096.0,13.0,162.0,0.0,0.0,2.0,en,,,,,,1.0,MartinClaydon2,Twitter for Android,1.242189046882939e+18,"Thanks to all of the dozy c***s who thought social distancing advice didn't apply to them. This is why we can't have nice things like trust and some level of freedom. Not because *we* can't. But because *you* ruin it anyway. 
#COVIDIOTS #coronavirus #StayAtHomeSaveLives",1.0986758596391444e+18,0.0
157,2020-01-01T20:52:44Z,,,2020-03-23T23:55:23Z,2016.0,376.0,160.0,0.0,0.0,2.0,en,,,,,,0.0,NoleRaffles,Twitter for iPhone,1.2422385458400133e+18,"(WHO) has warned that the #COVID19 disease pandemic is ""accelerating"", w more than 300,000 cases now confirmed.

It took 67 days from the first reported of Covid-19 to reach 100,000 cases, 11 days for the second 100,000, and just four days for the third 100,000.
#StaytheFuckHome",1.212476726816596e+18,0.0
158,2010-04-16T18:13:05Z,,,2020-03-23T08:50:29Z,18856.0,118.0,160.0,0.0,0.0,2.0,en,,,,,,0.0,JoniSaunders,Twitter for iPhone,1.2420108182685327e+18,"I woke up 3 times in the night, once to check I‚Äôd text all of my team! I had, I knew I had but I am a born worrier. #coronavirus #support",133816665.0,0.0
159,2017-04-24T00:32:38Z,,,2020-03-23T10:21:46Z,21.0,37.0,389.0,0.0,0.0,2.0,en,,,,,,0.0,samantha_haque,Twitter for iPhone,1.2420337900184084e+18,"In Bangladesh our hospitals are not even checking patients properly.despite of 30+ deaths social media is not revealing,there‚Äôs no kit in the hospitals to check patients.government is not locking down country.dont how will we end up!! #coronavirus #Bangladesh",8.563048428259246e+17,0.0
160,2019-09-22T23:54:29Z,,,2020-03-23T17:24:40Z,504.0,106.0,170.0,0.0,0.0,1.0,en,,,,,,1.0,_bekkkkk8,Twitter for iPhone,1.242140218351911e+18,I wonder if #COVID19 discriminates? Just bc I'm not 65 or barely breathing I can't get tested. Great job American doctors. I'll just continue going to work and try to act like I don't feel like absolute shit.,1.1759212982681805e+18,0.0
161,2009-03-10T13:24:12Z,,,2020-03-23T00:48:38Z,13.0,316.0,246.0,0.0,0.0,2.0,en,,,,,,0.0,lomeshp,Twitter for iPhone,1.2418895581465682e+18,It‚Äôs time for a (inter)national lockdown before it‚Äôs too late!!  #CoronavirusPandemic #lockdown #SundayThoughts #QuaratineLife #COVID„Éº19,23590208.0,0.0
162,2014-01-15T11:24:47Z,,GB,2020-03-23T06:55:14Z,515.0,66.0,375.0,0.0,0.0,2.0,en,"Lewisham, London",city,,,,0.0,1982Wilcox,Twitter for iPhone,1.2419818165774377e+18,"On route to work (nhs) and the trains are reduced but, now the carriage is so busy you can‚Äôt do any social distancing. #COVID19 #SocialDistancing #tfl see what this week brings üåà",2283592071.0,0.0
163,2019-02-05T09:07:34Z,,,2020-03-23T08:07:35Z,149.0,368.0,230.0,0.0,0.0,2.0,en,,,,,,4.0,GoodMorningWB,Twitter for Android,1.242000023539286e+18,Good morning - happy Monday and have a great day :-) brilliant to see the community spirit spreading let's make sure that's the only thing that spreads - if you're delivering stuff to the vulnerable we have some protocols we would be happy to share!! #COVID19 #community,1.0927113191685243e+18,0.0
164,2017-12-19T21:04:06Z,,,2020-03-23T07:58:54Z,645.0,82.0,228.0,0.0,0.0,2.0,en,,,,,,1.0,KristinMutonyi,Twitter for Android,1.2419978390996664e+18,"The minister says there are PPEs in the hospital to protect our healthworkers. But we all know how it is on the ground.
#Protectourhealthworkers
#COVID19 #coronaviruskenya",9.432254517528945e+17,0.0
165,2019-05-30T12:50:55Z,,,2020-03-23T22:15:56Z,62.0,3.0,235.0,0.0,0.0,2.0,en,,,,,,0.0,T3itches,Twitter for Android,1.2422135177653453e+18,"Let's keep our minds, hearts,and spirits strong let's exercise all parts of ourselves. Y'all stay safe. #COVID19 #MondayMood #StayHome #SocialDistancing",1.1340797407536579e+18,0.0
166,2011-07-29T03:39:17Z,,,2020-03-23T17:01:59Z,47746.0,2450.0,282.0,0.0,0.0,2.0,en,,,,,,4.0,Shaun_Rulex,Twitter for Android,1.2421345087337882e+18,"If lives can be saved by staying at home from #CoronavirusPandemic so everyone should follow this if somebody tries break #lockdown should be fined or punished by Govt

#StayAtHomeSaveLives",344477852.0,0.0
167,2011-12-08T14:29:49Z,,,2020-03-23T04:40:21Z,479.0,183.0,185.0,0.0,0.0,2.0,en,,,,,,0.0,DreamMerchant10,Twitter for Android,1.2419478711899546e+18,"Stay where you are.

Because of this Curfew/Lock down people are fleeing to their natives.

This will increase the spread from metropolitan cities to rural remote locations.

Kindly don't act as carriers and take this virus to the rural areas of the country.

#Covid19
#Corona",431640804.0,0.0
168,2019-11-03T16:25:33Z,,,2020-03-23T02:37:33Z,343.0,18.0,168.0,0.0,0.0,2.0,en,,,,,,0.0,ACWFwrestling,Twitter for Android,1.2419169684348355e+18,"Part 4: Since the U.S. and Canada have agreed to lockdown their borders due to the #Coronavirus, perhaps it's time for us here in the U.S. to consider locking down our nation altogether, and give a 1-week notice to Americans abroad to return home, to prevent any further outbreak.",1.1910285876017603e+18,0.0
169,2010-11-02T20:23:07Z,,,2020-03-23T21:32:19Z,2724.0,195.0,225.0,0.0,0.0,2.0,en,,,,,,0.0,KimmiAKB,Twitter for iPhone,1.2422025407432376e+18,"Thanks to massive bunch of ignorant cockwombles we‚Äôre now not far off being on lockdown! Hope your moronic &amp; selfish picnics, gatherings &amp; lack of attention to the govt‚Äôs advice was worth it! TAKE. IT. SERIOUSLY! #SocialDistancing #covid19 #ConsiderOurVulnerable #ActResponsibly",211276622.0,0.0
170,2016-04-11T14:15:13Z,,US,2020-03-23T00:59:06Z,3268.0,31.0,403.0,0.0,0.0,2.0,en,"Florida, USA",admin,,,,0.0,retro_raine,Twitter for iPhone,1.2418921917667492e+18,Would really appreciate it if people who have been able to live a carefree life think about those who can‚Äôt and won‚Äôt if you keep being selfish. #shutdownflorida #HighRiskCovid19 #COVID19 #StayHomeSaveLives,7.195292389912207e+17,0.0
171,2012-04-29T20:46:37Z,,,2020-03-23T03:07:53Z,23.0,378.0,305.0,0.0,0.0,2.0,en,,,,,,0.0,Shubh191193,Twitter for iPhone,1.2419245994255606e+18,"Repost. 

Social distancing does not mean go chill at your friends house. Say no to social gatherings and isolate yourselves. 

Pyaar se samjha rahe hai, samajh jao. Warna police dande se bhi wahi kar sakti hai.üòÖ #COVID19 #Covid_19india",566659031.0,0.0
172,2019-07-31T13:29:45Z,,,2020-03-23T23:13:48Z,2244.0,83.0,298.0,0.0,0.0,2.0,en,,,,,,1.0,WickedWriter89,Twitter for iPhone,1.2422280824566292e+18,Those of you worried about money during a global pandemic are forgetting this one simple fact. That money won‚Äôt follow you to the grave. #HowToEnd_CoronaPandemic #lockdown #LockdownNow #COVID19 #COVID„Éº19 #coronavirus #pandemic,1.1565575608136868e+18,0.0
173,2018-11-28T01:23:17Z,,,2020-03-23T12:17:36Z,2396.0,61.0,255.0,0.0,0.0,2.0,en,,,,,,0.0,brittany6iitch,Twitter for iPhone,1.2420629426711224e+18,"Health care workers are out here risking their lives and they can‚Äôt go home. We are asked one simple thing, to stay at home and you‚Äôre out roaming the god damn streets thinking this is a fucking vacation! #COVID„Éº19 #StayHome #CoronavirusPandemic #HealthcareHeroes",1.0675897130102743e+18,0.0
174,2018-06-17T13:19:54Z,,,2020-03-23T03:47:26Z,3750.0,30.0,196.0,0.0,0.0,2.0,en,,,,,,0.0,iambailey21,Twitter for iPhone,1.2419345559608975e+18,"Those who are privilege enough to sustain their daily needs in a month or even months of being quarantine, all of their worries are that they are bored, want to go outside, meet their friends, travel etc. #COVID19PH #Covid_19",1.0083384464257884e+18,0.0
175,2014-02-06T01:31:06Z,,,2020-03-23T17:14:00Z,1352.0,57.0,140.0,0.0,0.0,2.0,en,,,,,,0.0,noww2229,Twitter for Android,1.2421375355031183e+18,I have already called it for weeks. You can ban football matches but it wouldn't make a difference if the public transport is still running. The reduced services makes it worse when more ppl are packed in trains running at lower frequencies. #COVID19 #UKLockdownNow,2329619240.0,0.0
176,2010-01-20T06:33:18Z,,,2020-03-23T02:51:18Z,1158.0,17.0,264.0,0.0,0.0,2.0,en,,,,,,0.0,Pushpasharma,Twitter for Android,1.2419204282783416e+18,"üôè #ISOLATE yourself before you regret why #I„ÉºSo„ÉºLate??? 

#COVID„Éº19 #StayHomeStaySafe #lockdown #CoronaVirus #IndiaVsCorona",106650646.0,0.0
177,2012-10-21T16:07:08Z,,,2020-03-23T14:33:50Z,2813.0,892.0,329.0,0.0,0.0,2.0,en,,,,,,0.0,tishalovv,Twitter for iPhone,1.2420972252720906e+18,"Some people be taking this #CoronaVirus serious on social media but when u tell them to cover their mouth when they cough in public, they wanna fight.",895644626.0,0.0
178,2009-01-29T17:12:59Z,,,2020-03-23T21:43:48Z,4339.0,240.0,164.0,0.0,0.0,2.0,en,,,,,,0.0,lukewcooper,Twitter for iPhone,1.242205432313254e+18,Anyone else beginning to think that #Wrestlemania36 might not be such a good idea...? #coronavirus,19720885.0,0.0
179,2014-05-05T11:57:01Z,,,2020-03-23T11:06:01Z,65.0,32.0,146.0,0.0,0.0,2.0,en,,,,,,1.0,spruce_man_,Twitter for Android,1.242044926126248e+18,"Just Imagine Your Family member in Ventilator and You can't even see and meet them . Imagine your loved once Can't breath and You just can't do anything . Imagine they can't even Cry.This Virus is so much painful even we can't imagine.Plz plz stay home. 
#CoronavirusPandemic",2478255170.0,0.0
180,2013-10-04T20:44:06Z,,,2020-03-23T15:31:26Z,840.0,158.0,118.0,0.0,0.0,2.0,en,,,,,,0.0,SaheedBilewu,Twitter for Android,1.2421117230474527e+18,"If you can't help, don't hurt. If you can't heal, don't harm. If you can't harness, don't harass. If you can't bridge, don't breach. Keep others safe and stay safe. #socialdistancing #COVID19 #coronavirus.",1935405588.0,0.0
181,2013-08-09T12:34:06Z,,,2020-03-23T04:21:22Z,1249.0,831.0,416.0,0.0,0.0,1.0,en,,,,,,0.0,pwnjeetdo,Twitter for iPhone,1.2419430961258742e+18,"It‚Äôs with profound respect for anyone who‚Äôs lost someone already, (and anyone who will lose someone) I say‚Äî

society‚Äôs cure may wind up being worse than the disease ...
#coronavirus #Covid_19",1657687045.0,0.0
182,2009-07-23T04:36:05Z,,,2020-03-23T21:15:47Z,22494.0,50.0,439.0,0.0,0.0,2.0,en,,,,,,0.0,JohnBerkholtz,Twitter for iPhone,1.242198382510248e+18,"Tales from a first responder/ health care worker at the front of the #COVID19 pandemic: 

Social distancing is still not stopping strangers from asking me to look at a mole on their groin in the gas station bathroom.",59363279.0,0.0
183,2011-08-08T23:43:28Z,,,2020-03-23T22:31:26Z,373.0,64.0,223.0,0.0,0.0,2.0,en,,,,,,0.0,SparkleSaz,Twitter for iPhone,1.2422174184680776e+18,"My house is in lockdown, food shop, work and garden will be the only place we're going please respect my decision friends/family and do not come to my house.
‚ù§Ô∏è staying at home &amp; saving lives ‚ù§Ô∏è #COVID19 #coronavirus #Liverpool",351228973.0,0.0
184,2020-03-09T02:09:55Z,,,2020-03-23T12:06:10Z,423.0,96.0,208.0,0.0,0.0,2.0,en,,,,,,0.0,DanniCherry4,Twitter for iPhone,1.2420600636883108e+18,People I know and love are going on their daily lives like nothing has happened. How can you tell your loved ones to stop being idiots?! #StayAtHomeSaveLives #COVID„Éº19 #listen #coronavirus,1.2368365257798902e+18,0.0
185,2009-04-29T13:13:02Z,,US,2020-03-23T01:50:12Z,3025.0,429.0,309.0,0.0,0.0,2.0,en,"Dumont, NJ",city,,,,0.0,DenisBautista,Twitter for iPhone,1.241905049846104e+18,I pledge to support local businesses once this #coronavirus is over. For now #StayAtHome #quedateEnTuCasa #SocialDistancing,36353286.0,0.0
186,2011-11-10T19:04:50Z,,,2020-03-23T14:16:43Z,558.0,162.0,263.0,0.0,0.0,2.0,en,,,kirti_karan217,1.242092777434837e+18,409446551.0,0.0,kirti_karan217,Twitter for iPhone,1.2420929183508316e+18,People please stay at home. #coronavirus,409446551.0,0.0
187,2014-01-19T11:35:56Z,,IN,2020-03-23T19:53:47Z,658.0,1621.0,108.0,0.0,0.0,2.0,en,"Mumbai, India",city,,,,0.0,bhavikajTOI,Twitter for Android,1.2421777446304195e+18,Tarak Mehta ka Ooltah Chashma is single handedly helping Indians to stay indoors.  #coronavirus #LockdownNow #COVID„Éº19,2299530205.0,0.0
188,2019-02-19T09:07:49Z,,,2020-03-23T22:45:56Z,7454.0,160.0,110.0,0.0,0.0,2.0,en,,,,,,0.0,TheReal_HH,Twitter for iPhone,1.2422210691650396e+18,"This is fucking madness. Genuinely cannot believe all of this is happening!
Don‚Äôt be a wally. It ain‚Äôt big and it ain‚Äôt clever. Stay at home. 
#StayAtHome #COVID19 #StayIndoors",1.0977848104441528e+18,0.0
189,2020-03-22T14:09:42Z,,,2020-03-23T14:24:38Z,78.0,39.0,368.0,0.0,0.0,1.0,en,,,,,,0.0,MBonz8,Twitter for Android,1.2420949121553326e+18,"So in the US we had 80,000 people die from the flue last year alone. So we have a pandemic of 14,000 deaths GLOBALLY? I don't get it.  #Coronavirus",1.2417286889343058e+18,0.0
190,2011-05-11T22:33:21Z,,,2020-03-23T21:05:07Z,5812.0,251.0,437.0,0.0,0.0,2.0,en,,,,,,0.0,Tommm_94,Twitter for Android,1.2421956962389565e+18,"Hopefully people have got the message. Sadly, there will still be the minority that think this is all a joke #COVIDIOTS #StayAtHomeSaveLives #COVID„Éº19 #coronavirus",297089347.0,0.0
191,2008-09-15T17:38:18Z,,,2020-03-23T18:10:12Z,2244.0,90.0,228.0,0.0,0.0,1.0,en,,,VintageKaren,1.2421512685435986e+18,16298681.0,0.0,VintageKaren,Twitter for iPhone,1.2421516775763354e+18,"Globally (as of now), there are 99,792 people who are totally recovered from #CoronaVirus but you aren‚Äôt told that",16298681.0,0.0
192,2017-06-21T14:39:14Z,,GB,2020-03-23T20:37:42Z,366.0,55.0,218.0,0.0,0.0,2.0,en,"Durham, England",city,,,,0.0,navyalobo,Twitter for iPhone,1.242188797313454e+18,Boris Johnson used the same kind of language to talk to the nation as a worried parent might talk to a rebellious teen - c‚Äômon guys it shouldn‚Äôt have to be this way. Stay. At. Home #LockdownNow #StayAtHomeSaveLives #coronavirus,8.775363917727293e+17,0.0
193,2009-06-17T02:20:11Z,,,2020-03-23T02:58:39Z,8107.0,254.0,341.0,0.0,0.0,2.0,en,,,,,,1.0,caseymclark,Twitter for Android,1.241922276402086e+18,"Once it is safe to do so, every big city should hold ticker tape parades for its health care workers after we beat back #coronavirus .  HCWs will be the true heroes of this battle. #COVID19 #StayHome",47821242.0,0.0
194,2019-07-07T04:03:23Z,,,2020-03-23T03:38:25Z,710.0,18.0,211.0,0.0,0.0,2.0,en,,,,,,0.0,LoosliMaryn,Twitter for Android,1.2419322838896476e+18,I know that we need to stay home and I support that. But like... Can we switch homes every once in a while? If not I'm about to paint the walls. #coronavirus #QuaratineLife,1.1477177214062838e+18,0.0
195,2015-09-16T10:34:49Z,,,2020-03-23T09:16:49Z,414.0,86.0,191.0,0.0,0.0,2.0,en,,,,,,0.0,gamzsen_,Twitter for Android,1.2420174464683868e+18,"The problem with this country, is that we don't take anything seriously. We didn't take Brexit seriously, we didn't take the general election seriously, when voting. Now, we don't take #COVID19 seriously. Wake the fuck up people - this is not a joke! #StayAtHome",3673809921.0,0.0
196,2011-10-15T10:27:53Z,,,2020-03-23T05:21:50Z,1050.0,340.0,114.0,0.0,0.0,2.0,en,,,,,,0.0,nomiraja76,Twitter for Android,1.241958309420241e+18,Please take precautions against #coronavirus &amp; save yourself in order to save others around you. Events &amp; gatherings can take place later. Please stay home &amp; isolate yourselves just for a few days.,391289370.0,0.0
197,2011-10-12T22:26:22Z,,,2020-03-23T21:48:08Z,8290.0,322.0,197.0,0.0,0.0,2.0,en,,,,,,1.0,HarryADavidson,Twitter for iPhone,1.2422065206008586e+18,Honestly don‚Äôt think Boris Johnson was specific enough #coronavirus #HalfLockedDown,389732842.0,0.0
198,2020-03-13T17:31:01Z,,,2020-03-23T19:27:48Z,1.0,137.0,466.0,0.0,0.0,2.0,en,,,,,,1.0,JenniferFNunez1,Twitter for Android,1.2421712043722793e+18,"#BREAKING: A woman in her 30s has died in the City of St. Louis from #COVID19. This is the first death in the city. This is again a reminder that ANY one, of ANY age, can be impacted by #coronavirus.",1.2385178844536996e+18,0.0
199,2011-03-30T16:16:30Z,,,2020-03-23T00:23:09Z,1514.0,67.0,299.0,0.0,0.0,2.0,en,,,mmschinosi,1.2418826543263619e+18,274599322.0,0.0,mmschinosi,Twitter for iPhone,1.241883144405627e+18,"Please stay home if you can and stay safe everyone!! We‚Äôre all in this together!! 
#coronavirus #COVID„Éº19 #CoronavirusPandemic #SocialDistancing #StayAtHome #FlattenTheCurve #GroceryWorkers",274599322.0,0.0
